name,position,squad,age,club,birth_year,matches_played,starts,minutes_played,min_played_per_90,goals,assists,non_penalty_goals,pk_goals,pk_attemps,yellow_cards,red_cards
Brenden Aaronson,MF,us United States,21,1.eng Leeds United,2000,4,0,108,1.2,0,0,0,0,0,0,0
Ali Abdi,DF,tn Tunisia,28,2.fr Caen,1993,3,2,188,2.1,0,0,0,0,0,1,0
Salis Abdul Samed,MF,gh Ghana,22,1.fr Lens,2000,3,3,250,2.8,0,0,0,0,0,0,0
Saud Abdulhamid,"DF,MF",sa Saudi Arabia,22,1.sa Al-Hilal,1999,3,3,270,3.0,0,0,0,0,0,1,0
Nawaf Al Abed,MF,sa Saudi Arabia,32,1.sa Al-Shabab,1990,2,0,88,1.0,0,0,0,0,0,1,0
Pape Abou Cissé,DF,sn Senegal,26,1.gr Olympiacos,1995,3,1,105,1.2,0,0,0,0,0,0,0
Vincent Aboubakar,FW,cm Cameroon,30,1.sa Al-Nassr,1992,3,1,142,1.6,2,1,2,0,0,2,1
Abdulrahman Al-Aboud,"MF,DF",sa Saudi Arabia,27,1.sa Al-Ittihad,1995,2,0,35,0.4,0,0,0,0,0,0,0
Zakaria Aboukhlal,"FW,MF",ma Morocco,22,1.fr Toulouse,2000,4,0,79,0.9,1,0,1,0,0,0,0
Kellyn Acosta,MF,us United States,26,1.us Los Angeles FC,1995,2,0,43,0.5,0,0,0,0,0,1,0
Marcos Acuña,"DF,FW",ar Argentina,30,1.es Sevilla,1991,6,4,373,4.1,0,0,0,0,0,3,0
Tyler Adams,MF,us United States,23,1.eng Leeds United,1999,4,4,360,4.0,0,0,0,0,0,1,0
Sam Adekugbe,DF,ca Canada,27,1.tr Hatayspor,1995,3,1,95,1.1,0,0,0,0,0,1,0
Michel Aebischer,"MF,FW",ch Switzerland,25,1.it Bologna,1997,1,0,16,0.2,0,0,0,0,0,0,0
Akram Afif,FW,qa Qatar,25,1.qa Al Sadd SC,1996,3,3,270,3.0,0,0,0,0,0,1,0
Nayef Aguerd,DF,ma Morocco,26,1.eng West Ham,1996,4,4,353,3.9,0,0,0,0,0,0,0
Brandon Aguilera,MF,cr Costa Rica,18,1.cr Asociación Deportiva Guanacasteca,2003,3,1,90,1.0,0,0,0,0,0,0,0
Homam Ahmed,DF,qa Qatar,22,1.qa Al-Gharafa Sports Club,1999,3,3,262,2.9,0,0,0,0,0,1,0
Manuel Akanji,DF,ch Switzerland,26,1.eng Manchester City,1995,4,4,360,4.0,1,0,1,0,0,1,0
Nathan Aké,DF,nl Netherlands,27,1.eng Manchester City,1995,5,5,479,5.3,0,0,0,0,0,1,0
Ahmed Alaaeldin,FW,qa Qatar,29,1.qa Al-Gharafa Sports Club,1993,1,0,6,0.1,0,0,0,0,0,0,0
Jordi Alba,DF,es Spain,33,1.es Barcelona,1989,4,3,264,2.9,0,2,0,0,0,0,0
Toby Alderweireld,DF,be Belgium,33,1.be Antwerp,1989,3,3,270,3.0,0,1,0,0,0,0,0
Trent Alexander-Arnold,DF,eng England,23,1.eng Liverpool,1998,1,0,34,0.4,0,0,0,0,0,0,0
Almoez Ali,FW,qa Qatar,25,1.qa Al Duhail SC,1996,3,3,224,2.5,0,0,0,0,0,1,0
Alisson,GK,br Brazil,29,1.eng Liverpool,1992,4,4,379,4.2,0,0,0,0,0,0,0
Joe Allen,MF,wls Wales,32,2.eng Swansea City,1990,2,1,94,1.0,0,0,0,0,0,0,0
Thiago Almada,MF,ar Argentina,21,1.us Atlanta Utd,2001,1,0,7,0.1,0,0,0,0,0,0,0
Roberto Alvarado,FW,mx Mexico,23,1.mx Guadalajara,1998,1,0,18,0.2,0,0,0,0,0,1,0
Edson Álvarez,MF,mx Mexico,24,1.nl Ajax,1997,2,2,175,1.9,0,0,0,0,0,1,0
Julián Álvarez,FW,ar Argentina,22,1.eng Manchester City,2000,7,5,464,5.2,4,0,4,0,0,0,0
Kevin Álvarez,DF,mx Mexico,23,1.mx Pachuca,1999,2,1,70,0.8,0,0,0,0,0,0,0
Dani Alves,DF,br Brazil,39,1.mx UNAM,1983,2,1,118,1.3,0,0,0,0,0,0,0
Selim Amallah,MF,ma Morocco,25,1.be Standard Liège,1996,7,4,409,4.5,0,0,0,0,0,1,0
Daniel Amartey,DF,gh Ghana,27,1.eng Leicester City,1994,3,3,251,2.8,0,0,0,0,0,2,0
Ethan Ampadu,"MF,DF",wls Wales,21,1.it Spezia,2000,3,3,255,2.8,0,0,0,0,0,0,0
Sofyan Amrabat,MF,ma Morocco,25,1.it Fiorentina,1996,7,7,660,7.3,0,0,0,0,0,1,0
Abdulelah Al-Amri,DF,sa Saudi Arabia,25,1.sa Al-Nassr,1997,3,2,182,2.0,0,0,0,0,0,2,0
Joachim Andersen,DF,dk Denmark,26,1.eng Crystal Palace,1996,3,3,270,3.0,0,1,0,0,0,0,0
Karim Ansarifard,"FW,MF",ir IR Iran,32,1.cy AC Omonia,1990,2,0,35,0.4,0,0,0,0,0,0,0
Antony,FW,br Brazil,22,1.eng Manchester Utd,2000,4,1,172,1.9,0,0,0,0,0,0,0
Uriel Antuna,"FW,MF",mx Mexico,24,1.mx Cruz Azul,1997,3,0,77,0.9,0,0,0,0,0,0,0
Néstor Araujo,DF,mx Mexico,30,1.mx América,1991,1,1,90,1.0,0,0,0,0,0,1,0
Takuma Asano,FW,jp Japan,27,1.de Bochum,1994,4,0,165,1.8,1,0,1,0,0,0,0
Marco Asensio,FW,es Spain,26,1.es Real Madrid,1996,4,3,229,2.5,1,0,1,0,0,0,0
Ali Assadalla,MF,qa Qatar,29,1.qa Al Sadd SC,1993,1,0,27,0.3,0,0,0,0,0,0,0
Lawrence Ati-Zigi,GK,gh Ghana,25,1.ch St. Gallen,1996,3,3,270,3.0,0,0,0,0,0,0,0
Nathaniel Atkinson,DF,au Australia,23,1.sct Hearts,1999,1,1,84,0.9,0,0,0,0,0,0,0
Yahya Attiat Allah,DF,ma Morocco,27,1.ma Wydad Casablanca,1995,6,2,318,3.5,0,1,0,0,0,0,0
André Ayew,"MF,FW",gh Ghana,32,1.qa Al Sadd SC,1989,3,3,198,2.2,1,0,1,0,1,1,0
Jordan Ayew,FW,gh Ghana,30,1.eng Crystal Palace,1991,3,2,136,1.5,0,1,0,0,0,0,0
Sardar Azmoun,FW,ir IR Iran,27,1.de Leverkusen,1995,3,2,126,1.4,0,0,0,0,0,0,0
César Azpilicueta,DF,es Spain,32,1.eng Chelsea,1989,2,2,135,1.5,0,1,0,0,0,0,0
Srđan Babić,DF,rs Serbia,26,1.es Almería,1996,1,0,13,0.1,0,0,0,0,0,0,0
Keanu Baccus,MF,au Australia,24,1.sct St Mirren,1998,4,1,114,1.3,0,0,0,0,0,0,0
Alexander Bah,DF,dk Denmark,24,1.pt Benfica,1997,2,0,46,0.5,0,0,0,0,0,0,0
Hattan Bahebri,MF,sa Saudi Arabia,29,1.sa Al-Shabab,1992,2,0,4,0.0,0,1,0,0,0,1,0
Alejandro Balde,DF,es Spain,18,1.es Barcelona,2003,4,1,126,1.4,0,0,0,0,0,0,0
Gareth Bale,FW,wls Wales,32,1.us Los Angeles FC,1989,3,3,225,2.5,1,0,0,1,1,1,0
Fodé Ballo-Touré,DF,sn Senegal,25,1.it Milan,1997,1,0,7,0.1,0,0,0,0,0,0,0
Badr Banoun,DF,ma Morocco,28,1.qa Qatar SC,1993,3,0,54,0.6,0,0,0,0,0,0,0
Borna Barišić,DF,hr Croatia,29,1.sct Rangers,1992,1,1,120,1.3,0,0,0,0,0,1,0
Meshaal Barsham,GK,qa Qatar,24,1.qa Al Sadd SC,1998,2,2,180,2.0,0,0,0,0,0,0,0
Christian Bassogog,MF,cm Cameroon,26,1.cn Shanghai Shen,1995,1,0,24,0.3,0,0,0,0,0,1,0
Michy Batshuayi,FW,be Belgium,28,1.tr Fenerbahçe,1993,2,2,151,1.7,1,0,1,0,0,0,0
Jan Bednarek,DF,pl Poland,26,1.eng Aston Villa,1996,1,0,5,0.1,0,0,0,0,0,0,0
Aziz Behich,DF,au Australia,31,1.sct Dundee United,1990,4,4,360,4.0,0,0,0,0,0,1,0
Alireza Beiranvand,GK,ir IR Iran,29,1.ir Persepolis,1992,2,2,109,1.2,0,0,0,0,0,0,0
Jude Bellingham,MF,eng England,18,1.de Dortmund,2003,5,5,414,4.6,1,1,1,0,0,0,0
Anis Ben Slimane,MF,tn Tunisia,21,1.dk Brøndby,2001,2,2,148,1.6,0,0,0,0,0,0,0
Jewison Bennette,MF,cr Costa Rica,17,2.eng Sunderland,2004,3,1,103,1.1,0,0,0,0,0,0,0
Rodrigo Bentancur,MF,uy Uruguay,24,1.eng Tottenham,1997,3,3,213,2.4,0,0,0,0,0,1,0
Bartosz Bereszyński,DF,pl Poland,29,1.it Sampdoria,1992,4,4,341,3.8,0,0,0,0,0,1,0
Steven Berghuis,MF,nl Netherlands,30,1.nl Ajax,1991,4,1,200,2.2,0,1,0,0,0,1,0
Steven Bergwijn,FW,nl Netherlands,24,1.nl Ajax,1997,4,3,213,2.4,0,0,0,0,0,1,0
Krystian Bielik,MF,pl Poland,24,3.eng Derby County,1998,4,2,216,2.4,0,0,0,0,0,0,0
Daley Blind,DF,nl Netherlands,32,1.nl Ajax,1990,5,5,423,4.7,1,1,1,0,0,0,0
Celso Borges,MF,cr Costa Rica,34,1.cr Liga Deportiva Alajuelense,1988,3,3,249,2.8,0,0,0,0,0,1,0
Milan Borjan,GK,ca Canada,34,1.rs Red Star,1987,3,3,270,3.0,0,0,0,0,0,0,0
Karim Boudiaf,MF,qa Qatar,31,1.qa Al Duhail SC,1990,3,2,185,2.1,0,0,0,0,0,1,0
Sofiane Boufal,FW,ma Morocco,28,1.fr Angers,1993,7,7,475,5.3,0,0,0,0,0,1,0
Yassine Bounou,GK,ma Morocco,31,1.es Sevilla,1991,6,6,570,6.3,0,0,0,0,0,0,0
Martin Braithwaite,"FW,MF",dk Denmark,31,1.es Espanyol,1991,2,1,103,1.1,0,0,0,0,0,0,0
Mohammed Al-Breik,DF,sa Saudi Arabia,29,1.sa Al-Hilal,1992,2,1,65,0.7,0,0,0,0,0,0,0
Gleison Bremer,DF,br Brazil,25,1.it Juventus,1997,2,1,109,1.2,0,0,0,0,0,0,0
Dylan Bronn,DF,tn Tunisia,26,1.it Salernitana,1995,2,2,162,1.8,0,0,0,0,0,0,0
Marcelo Brozović,MF,hr Croatia,29,1.it Inter,1992,6,6,552,6.1,0,0,0,0,0,1,0
Tajon Buchanan,"MF,DF",ca Canada,23,1.be Club Brugge,1999,3,3,260,2.9,0,1,0,0,0,1,0
Ante Budimir,FW,hr Croatia,30,1.es Osasuna,1991,2,0,55,0.6,0,0,0,0,0,0,0
Osman Bukari,MF,gh Ghana,23,1.rs Red Star,1998,2,0,59,0.7,1,0,1,0,0,0,0
Ali Al-Bulaihi,DF,sa Saudi Arabia,32,1.sa Al-Hilal,1989,3,3,216,2.4,0,0,0,0,0,1,0
Firas Al-Buraikan,"MF,FW",sa Saudi Arabia,22,1.sa Al-Fateh,2000,3,3,268,3.0,0,1,0,0,0,0,0
Sergio Busquets,MF,es Spain,33,1.es Barcelona,1988,4,4,363,4.0,0,0,0,0,0,1,0
Martín Cáceres,DF,uy Uruguay,35,1.us LA Galaxy,1987,1,1,90,1.0,0,0,0,0,0,1,0
Moisés Caicedo,MF,ec Ecuador,20,1.eng Brighton,2001,3,3,269,3.0,1,0,1,0,0,1,0
Francisco Calvo,DF,cr Costa Rica,29,1.tr Konyaspor,1992,2,2,180,2.0,0,0,0,0,0,2,0
Eduardo Camavinga,DF,fr France,19,1.es Real Madrid,2002,2,1,140,1.6,0,0,0,0,0,0,0
Joel Campbell,"FW,MF",cr Costa Rica,29,1.mx León,1992,3,3,269,3.0,0,0,0,0,0,1,0
João Cancelo,DF,pt Portugal,28,1.eng Manchester City,1994,4,3,310,3.4,0,0,0,0,0,0,0
Agustín Canobbio,MF,uy Uruguay,23,1.br Atl Paranaense,1998,1,0,11,0.1,0,0,0,0,0,0,0
Yannick Carrasco,"FW,DF",be Belgium,28,1.es Atlético Madrid,1993,2,2,116,1.3,0,0,0,0,0,1,0
Cameron Carter-Vickers,DF,us United States,24,1.sct Celtic,1997,1,1,90,1.0,0,0,0,0,0,0,0
Dani Carvajal,DF,es Spain,30,1.es Real Madrid,1992,2,1,135,1.5,0,0,0,0,0,0,0
William Carvalho,MF,pt Portugal,30,1.es Betis,1992,4,2,215,2.4,0,0,0,0,0,0,0
Casemiro,MF,br Brazil,30,1.eng Manchester Utd,1992,4,4,390,4.3,1,0,1,0,0,1,0
Matty Cash,DF,pl Poland,24,1.eng Aston Villa,1997,4,4,360,4.0,0,0,0,0,0,2,0
Timothy Castagne,DF,be Belgium,26,1.eng Leicester City,1995,3,3,270,3.0,0,0,0,0,0,0,0
Jean-Charles Castelletto,DF,cm Cameroon,27,1.fr Nantes,1995,2,2,180,2.0,1,1,1,0,0,0,0
Lucas Cavallini,FW,ca Canada,29,1.us Vancouver,1992,1,0,19,0.2,0,0,0,0,0,0,0
Edinson Cavani,FW,uy Uruguay,35,1.es Valencia,1987,3,1,124,1.4,0,0,0,0,0,1,0
Ghaylène Chaalali,MF,tn Tunisia,28,1.tn Espérance de Tunis,1994,1,0,17,0.2,0,0,0,0,0,0,0
Daniel Chacón,MF,cr Costa Rica,21,1.cr CS Cartaginés,2001,1,0,1,0.0,0,0,0,0,0,0,0
Ilias Chair,MF,ma Morocco,24,2.eng QPR,1997,1,0,45,0.5,0,0,0,0,0,0,0
Kwon Chang-hoon,"FW,MF",kr Korea Republic,27,1.kr Sangju Sangmu,1994,1,1,56,0.6,0,0,0,0,0,0,0
Luis Chávez,MF,mx Mexico,26,1.mx Pachuca,1996,3,3,270,3.0,1,0,1,0,0,0,0
Walid Cheddira,FW,ma Morocco,24,2.it Bari,1998,2,0,64,0.7,0,0,0,0,0,2,1
Roozbeh Cheshmi,"DF,MF",ir IR Iran,28,1.ir Esteghlal,1993,2,1,58,0.6,1,0,1,0,0,0,0
Andreas Christensen,DF,dk Denmark,26,1.es Barcelona,1996,3,3,270,3.0,1,0,1,0,0,1,0
Hong Chul,DF,kr Korea Republic,31,1.kr Daegu,1990,1,0,45,0.5,0,0,0,0,0,0,0
José Cifuentes,MF,ec Ecuador,23,1.us Los Angeles FC,1999,2,0,59,0.7,0,0,0,0,0,0,0
Pathé Ciss,MF,sn Senegal,28,1.es Rayo Vallecano,1994,3,2,146,1.6,0,0,0,0,0,1,0
Sebastián Coates,DF,uy Uruguay,31,1.pt Sporting CP,1990,2,2,180,2.0,0,0,0,0,0,1,0
Rubin Colwill,MF,wls Wales,20,2.eng Cardiff City,2002,1,0,10,0.1,0,0,0,0,0,0,0
Kingsley Coman,"FW,MF",fr France,26,1.de Bayern Munich,1996,6,1,169,1.9,0,0,0,0,0,0,0
Eray Cömert,DF,ch Switzerland,24,1.es Valencia,1998,2,0,46,0.5,0,0,0,0,0,1,0
Anthony Contreras,"FW,MF",cr Costa Rica,22,1.cr Club Sport Herediano,2000,3,2,125,1.4,0,0,0,0,0,1,0
Andreas Cornelius,FW,dk Denmark,29,1.dk FC Copenhagen,1993,3,1,92,1.0,0,0,0,0,0,1,0
Ángel Correa,MF,ar Argentina,27,1.es Atlético Madrid,1995,1,0,5,0.1,0,0,0,0,0,0,0
Diogo Costa,GK,pt Portugal,22,1.pt Porto,1999,5,5,450,5.0,0,0,0,0,0,0,0
Thibaut Courtois,GK,be Belgium,30,1.es Real Madrid,1992,3,3,270,3.0,0,0,0,0,0,0,0
Jason Cummings,FW,au Australia,26,1.au Central Coast,1995,1,0,35,0.4,0,0,0,0,0,0,0
Aimen Dahmen,GK,tn Tunisia,25,1.tn CS Sfaxien,1997,3,3,270,3.0,0,0,0,0,0,0,0
Diogo Dalot,DF,pt Portugal,23,1.eng Manchester Utd,1999,3,3,258,2.9,0,2,0,0,0,0,0
Mikkel Damsgaard,"MF,FW",dk Denmark,21,1.eng Brentford,2000,3,1,150,1.7,0,0,0,0,0,0,0
Danilo,DF,br Brazil,30,1.it Juventus,1991,3,3,281,3.1,0,0,0,0,0,1,0
Achraf Dari,DF,ma Morocco,23,1.fr Brest,1999,3,2,187,2.1,1,0,1,0,0,1,0
Jonathan David,"FW,MF",ca Canada,22,1.fr Lille,2000,3,2,192,2.1,0,0,0,0,0,0,0
Alphonso Davies,"MF,DF",ca Canada,21,1.de Bayern Munich,2000,3,3,270,3.0,1,0,1,0,1,1,0
Ben Davies,DF,wls Wales,29,1.eng Tottenham,1993,3,3,238,2.6,0,0,0,0,0,0,0
Nasser Al-Dawsari,FW,sa Saudi Arabia,23,1.sa Al-Hilal,1998,1,0,5,0.1,0,0,0,0,0,0,0
Salem Al-Dawsari,MF,sa Saudi Arabia,30,1.sa Al-Hilal,1991,3,3,270,3.0,2,0,2,0,1,1,0
Giorgian De Arrascaeta,MF,uy Uruguay,28,1.br Flamengo,1994,2,1,108,1.2,2,0,2,0,0,0,0
Kevin De Bruyne,"FW,MF",be Belgium,30,1.eng Manchester City,1991,3,3,270,3.0,0,0,0,0,0,0,0
Charles De Ketelaere,FW,be Belgium,21,1.it Milan,2001,1,0,16,0.2,0,0,0,0,0,0,0
Nicolás De La Cruz,MF,uy Uruguay,25,1.ar River Plate,1997,2,0,38,0.4,0,0,0,0,0,0,0
Rodrigo De Paul,MF,ar Argentina,28,1.es Atlético Madrid,1994,7,7,599,6.7,0,0,0,0,0,0,0
Miloš Degenek,DF,au Australia,28,1.us Columbus Crew,1994,4,2,183,2.0,0,0,0,0,0,2,0
Thomas Delaney,MF,dk Denmark,30,1.es Sevilla,1991,1,1,44,0.5,0,0,0,0,0,0,0
Ousmane Dembélé,FW,fr France,25,1.es Barcelona,1997,7,6,433,4.8,0,2,0,0,0,1,0
Leander Dendoncker,"DF,MF",be Belgium,27,1.eng Aston Villa,1995,2,2,161,1.8,0,0,0,0,0,1,0
Sergiño Dest,DF,us United States,21,1.it Milan,2000,4,4,305,3.4,0,1,0,0,0,1,0
Ángel Di María,"MF,FW",ar Argentina,34,1.it Juventus,1988,5,4,288,3.2,1,1,1,0,0,0,0
Boulaye Dia,FW,sn Senegal,25,1.it Salernitana,1996,4,4,318,3.5,1,0,1,0,0,1,0
Abdou Diallo,DF,sn Senegal,26,1.de RB Leipzig,1996,4,4,331,3.7,0,0,0,0,0,0,0
Rúben Dias,DF,pt Portugal,25,1.eng Manchester City,1997,4,4,360,4.0,0,0,0,0,0,1,0
Krépin Diatta,"FW,MF",sn Senegal,23,1.fr Monaco,1999,3,3,181,2.0,0,0,0,0,0,0,0
Famara Diedhiou,FW,sn Senegal,29,1.tr Alanyaspor,1992,2,1,92,1.0,1,0,1,0,0,0,0
Bamba Dieng,FW,sn Senegal,22,1.fr Marseille,2000,4,0,100,1.1,1,0,1,0,0,0,0
Eric Dier,DF,eng England,28,1.eng Tottenham,1994,2,0,36,0.4,0,0,0,0,0,0,0
Axel Disasi,DF,fr France,24,1.fr Monaco,1998,3,1,92,1.0,0,0,0,0,0,0,0
Alexander Djiku,"DF,FW",gh Ghana,27,1.fr Strasbourg,1994,2,1,97,1.1,0,0,0,0,0,0,0
Ritsu Doan,FW,jp Japan,23,1.de Freiburg,1998,4,2,217,2.4,2,0,2,0,0,0,0
Jeremy Doku,"MF,FW",be Belgium,20,1.fr Rennes,2002,1,0,19,0.2,0,0,0,0,0,0,0
Kasper Dolberg,FW,dk Denmark,24,1.es Sevilla,1997,3,1,114,1.3,0,0,0,0,0,0,0
Mohamed Dräger,DF,tn Tunisia,25,1.ch Luzern,1996,2,2,132,1.5,0,0,0,0,0,0,0
Óscar Duarte,DF,cr Costa Rica,33,1.sa Al-Wehda,1989,3,3,270,3.0,0,0,0,0,0,1,0
Mitchell Duke,FW,au Australia,31,2.jp Fagi Okayama,1991,4,4,270,3.0,1,0,1,0,0,1,0
Denzel Dumfries,DF,nl Netherlands,26,1.it Inter,1996,5,5,479,5.3,1,2,1,0,0,2,1
Paulo Dybala,FW,ar Argentina,28,1.it Roma,1993,2,0,18,0.2,0,0,0,0,0,0,0
Enzo Ebosse,DF,cm Cameroon,23,1.it Udinese,1999,1,1,90,1.0,0,0,0,0,0,0,0
Ederson,GK,br Brazil,28,1.eng Manchester City,1993,1,1,90,1.0,0,0,0,0,0,0,0
Jorge Eduardo Sánchez,DF,mx Mexico,24,1.nl Ajax,1997,2,2,175,1.9,0,0,0,0,0,1,0
Nico Elvedi,DF,ch Switzerland,25,1.de M'Gladbach,1996,2,2,180,2.0,0,0,0,0,0,1,0
Breel Embolo,FW,ch Switzerland,25,1.fr Monaco,1997,4,4,323,3.6,2,0,2,0,0,0,0
Youssef En-Nesyri,FW,ma Morocco,25,1.es Sevilla,1997,7,7,542,6.0,2,0,2,0,0,0,0
Wataru Endo,MF,jp Japan,29,1.de Stuttgart,1993,4,3,304,3.4,0,0,0,0,0,1,0
Devis Epassy,GK,cm Cameroon,29,1.sa Abha,1993,2,2,180,2.0,0,0,0,0,0,0,0
Christian Eriksen,MF,dk Denmark,30,1.eng Manchester Utd,1992,3,3,270,3.0,0,0,0,0,0,0,0
Michael Estrada,FW,ec Ecuador,26,1.mx Cruz Azul,1996,3,3,225,2.5,0,0,0,0,0,0,0
Pervis Estupiñán,DF,ec Ecuador,24,1.eng Brighton,1998,3,3,270,3.0,0,0,0,0,0,0,0
Stephen Eustáquio,MF,ca Canada,25,1.pt Porto,1996,2,2,125,1.4,0,0,0,0,0,0,0
Saeid Ezatolahi,MF,ir IR Iran,25,2.dk Vejle BK,1996,3,2,217,2.4,0,0,0,0,0,0,0
Abdessamad Ezzalzouli,"FW,MF",ma Morocco,20,1.es Osasuna,2001,3,0,93,1.0,0,0,0,0,0,0,0
Fabinho,MF,br Brazil,28,1.eng Liverpool,1993,1,1,90,1.0,0,0,0,0,0,0,0
Collins Fai,DF,cm Cameroon,29,1.sa Al-Ta'ee,1992,3,3,270,3.0,0,0,0,0,0,2,0
Salman Al-Faraj,MF,sa Saudi Arabia,32,1.sa Al-Hilal,1989,1,1,44,0.5,0,0,0,0,0,0,0
Christian Fassnacht,FW,ch Switzerland,28,1.ch Young Boys,1993,1,0,8,0.1,0,0,0,0,0,0,0
Abdul Fatawu Issahaku,FW,gh Ghana,18,1.pt Sporting CP,2004,1,0,1,0.0,0,0,0,0,0,0,0
Ansu Fati,FW,es Spain,19,1.es Barcelona,2002,2,0,46,0.5,0,0,0,0,0,0,0
João Félix,FW,pt Portugal,22,1.es Atlético Madrid,1999,4,4,331,3.7,1,2,1,0,0,1,0
Bruno Fernandes,"FW,MF",pt Portugal,27,1.eng Manchester Utd,1994,4,4,356,4.0,2,3,1,1,1,1,0
Edimilson Fernandes,"FW,DF",ch Switzerland,26,1.de Mainz 05,1996,3,1,145,1.6,0,0,0,0,0,0,0
Enzo Fernández,MF,ar Argentina,21,1.pt Benfica,2001,7,5,564,6.3,1,1,1,0,0,1,0
Jesús Ferreira,FW,us United States,21,1.us FC Dallas,2000,1,1,45,0.5,0,0,0,0,0,0,0
Phil Foden,"FW,MF",eng England,22,1.eng Manchester City,2000,4,3,258,2.9,1,2,1,0,0,0,0
Youssouf Fofana,MF,fr France,23,1.fr Monaco,1999,6,2,227,2.5,0,0,0,0,0,0,0
Juan Foyth,DF,ar Argentina,24,1.es Villarreal,1998,1,0,5,0.1,0,0,0,0,0,0,0
Alan Franco,MF,ec Ecuador,23,1.ar Talleres,1998,2,1,46,0.5,0,0,0,0,0,0,0
Przemysław Frankowski,MF,pl Poland,27,1.fr Lens,1995,4,3,240,2.7,0,0,0,0,0,1,0
Fred,MF,br Brazil,29,1.eng Manchester Utd,1993,4,2,142,1.6,0,0,0,0,0,1,0
Fabian Frei,MF,ch Switzerland,33,1.ch Basel,1989,2,0,25,0.3,0,0,0,0,0,0,0
Remo Freuler,MF,ch Switzerland,30,1.eng Nott'ham Forest,1992,4,4,323,3.6,1,0,1,0,0,0,0
Keysher Fuller,"DF,MF",cr Costa Rica,27,1.cr Club Sport Herediano,1994,3,3,253,2.8,1,0,1,0,0,0,0
Niclas Füllkrug,FW,de Germany,29,1.de Werder Bremen,1993,3,0,69,0.8,2,1,2,0,0,0,0
Rogelio Funes Mori,FW,mx Mexico,31,1.mx Monterrey,1991,1,0,5,0.1,0,0,0,0,0,0,0
Cody Gakpo,"FW,MF",nl Netherlands,23,1.nl PSV Eindhoven,1999,5,5,450,5.0,3,0,3,0,0,0,0
Hernán Galíndez,GK,ec Ecuador,35,1.ec SD Aucas,1987,3,3,270,3.0,0,0,0,0,0,0,0
Jesús Gallardo,DF,mx Mexico,27,1.mx Monterrey,1994,3,3,270,3.0,0,0,0,0,0,0,0
Idrissa Gana Gueye,MF,sn Senegal,32,1.eng Everton,1989,3,3,270,3.0,0,0,0,0,0,2,0
Gavi,MF,es Spain,17,1.es Barcelona,2004,4,4,284,3.2,1,0,1,0,0,0,0
Sultan Al-Ghanam,"DF,MF",sa Saudi Arabia,28,1.sa Al-Nassr,1994,3,1,126,1.4,0,0,0,0,0,0,0
Nader Ghandri,DF,tn Tunisia,27,1.tn Club Africain,1995,1,1,90,1.0,0,0,0,0,0,0,0
Saman Ghoddos,MF,ir IR Iran,28,1.eng Brentford,1993,1,0,45,0.5,0,0,0,0,0,0,0
Ali Gholizadeh,"MF,FW",ir IR Iran,26,1.be Charleroi,1996,3,2,199,2.2,0,1,0,0,0,0,0
Matthias Ginter,DF,de Germany,28,1.de Freiburg,1994,1,0,1,0.0,0,0,0,0,0,0,0
Olivier Giroud,FW,fr France,35,1.it Milan,1986,6,6,419,4.7,4,0,4,0,0,1,0
Kamil Glik,DF,pl Poland,34,2.it Benevento,1988,4,4,360,4.0,0,0,0,0,0,0,0
Serge Gnabry,"FW,MF",de Germany,26,1.de Bayern Munich,1995,3,3,263,2.9,1,1,1,0,0,0,0
Diego Godín,DF,uy Uruguay,36,1.ar Vélez Sarsf,1986,2,2,151,1.7,0,0,0,0,0,0,0
Maxi Gómez,FW,uy Uruguay,25,1.tr Trabzonspor,1996,2,0,30,0.3,0,0,0,0,0,0,0
Papu Gómez,"MF,FW",ar Argentina,34,1.es Sevilla,1988,2,2,107,1.2,0,0,0,0,0,0,0
Shūichi Gonda,GK,jp Japan,33,1.jp S-Pulse,1989,4,4,390,4.3,0,0,0,0,0,0,0
Craig Goodwin,MF,au Australia,30,1.au Adelaide,1991,4,3,234,2.6,1,1,1,0,0,0,0
Leon Goretzka,MF,de Germany,27,1.de Bayern Munich,1995,3,2,159,1.8,0,0,0,0,0,1,0
Mario Götze,MF,de Germany,30,1.de Eint Frankfurt,1992,2,0,36,0.4,0,0,0,0,0,0,0
Jack Grealish,FW,eng England,26,1.eng Manchester City,1995,5,0,86,1.0,1,0,1,0,0,0,0
Antoine Griezmann,MF,fr France,31,1.es Atlético Madrid,1991,7,6,537,6.0,0,3,0,0,0,1,0
Kamil Grosicki,MF,pl Poland,34,1.pl Pogoń Szczecin,1988,1,0,4,0.0,0,0,0,0,0,0,0
Carlos Gruezo,MF,ec Ecuador,27,1.de Augsburg,1995,1,1,45,0.5,0,0,0,0,0,0,0
Marko Grujić,MF,rs Serbia,26,1.pt Porto,1996,1,0,13,0.1,0,0,0,0,0,0,0
Andrés Guardado,MF,mx Mexico,35,1.es Betis,1986,1,1,41,0.5,0,0,0,0,0,0,0
Nemanja Gudelj,"MF,DF",rs Serbia,30,1.es Sevilla,1991,2,1,92,1.0,0,0,0,0,0,2,0
Mattéo Guendouzi,"FW,MF",fr France,23,1.fr Marseille,1999,1,1,78,0.9,0,0,0,0,0,0,0
Raphaël Guerreiro,DF,pt Portugal,28,1.de Dortmund,1993,4,3,279,3.1,1,2,1,0,0,0,0
Cho Guesung,FW,kr Korea Republic,24,1.kr Jeonbuk,1998,4,3,275,3.1,2,0,2,0,0,1,0
Pape Gueye,MF,sn Senegal,23,1.fr Marseille,1999,3,1,153,1.7,0,0,0,0,0,0,0
Bruno Guimarães,MF,br Brazil,24,1.eng Newcastle Utd,1997,2,0,69,0.8,0,0,0,0,0,1,0
İlkay Gündoğan,MF,de Germany,31,1.eng Manchester City,1990,3,3,189,2.1,1,0,0,1,1,0,0
Erick Gutiérrez,MF,mx Mexico,26,1.nl PSV Eindhoven,1995,1,0,49,0.5,0,0,0,0,0,1,0
Joško Gvardiol,DF,hr Croatia,20,1.de RB Leipzig,2002,7,7,690,7.7,1,0,1,0,0,0,0
Asiri Haitham,FW,sa Saudi Arabia,21,2.sa Al-Ahli,2001,1,0,2,0.0,0,0,0,0,0,0,0
Ehsan Hajsafi,"MF,DF",ir IR Iran,32,1.gr AEK Athens,1990,3,3,237,2.6,0,0,0,0,0,0,0
Achraf Hakimi,DF,ma Morocco,23,1.fr Paris S-G,1998,7,7,631,7.0,0,1,0,0,0,0,0
Abderrazak Hamdallah,FW,ma Morocco,31,1.sa Al-Ittihad,1990,4,0,68,0.8,0,0,0,0,0,0,0
Abdelkarim Hassan,DF,qa Qatar,28,1.qa Al Sadd SC,1993,3,3,270,3.0,0,0,0,0,0,0,0
Ali Al Hassan,MF,sa Saudi Arabia,25,1.sa Al-Nassr,1997,1,1,45,0.5,0,0,0,0,0,1,0
Abdulaziz Hatem,MF,qa Qatar,31,1.qa Al Rayyan SC,1990,3,2,196,2.2,0,0,0,0,0,0,0
Kai Havertz,FW,de Germany,23,1.eng Chelsea,1999,2,1,102,1.1,2,0,2,0,0,0,0
Hassan Al-Haydos,MF,qa Qatar,31,1.qa Al Sadd SC,1990,3,3,206,2.3,0,0,0,0,0,0,0
Eden Hazard,MF,be Belgium,31,1.es Real Madrid,1991,3,2,124,1.4,0,0,0,0,0,0,0
Thorgan Hazard,FW,be Belgium,29,1.de Dortmund,1993,2,1,106,1.2,0,0,0,0,0,0,0
Hwang Hee-chan,"MF,FW",kr Korea Republic,26,1.eng Wolves,1996,2,1,115,1.3,1,0,1,0,0,1,0
Jordan Henderson,MF,eng England,31,1.eng Liverpool,1990,4,3,271,3.0,1,0,1,0,0,0,0
Wayne Hennessey,GK,wls Wales,35,1.eng Nott'ham Forest,1987,2,2,175,1.9,0,0,0,0,0,0,1
Lucas Hernández,DF,fr France,26,1.de Bayern Munich,1996,1,1,12,0.1,0,0,0,0,0,0,0
Theo Hernández,DF,fr France,24,1.it Milan,1997,6,5,508,5.6,1,2,1,0,0,1,0
Héctor Herrera,MF,mx Mexico,32,1.us Houston Dynamo,1990,2,2,160,1.8,0,0,0,0,0,1,0
Son Heung-min,"FW,MF",kr Korea Republic,29,1.eng Tottenham,1992,4,4,360,4.0,0,1,0,0,0,0,0
Piero Hincapié,DF,ec Ecuador,20,1.de Leverkusen,2002,3,3,270,3.0,0,0,0,0,0,0,0
Jonas Hofmann,FW,de Germany,29,1.de M'Gladbach,1992,2,0,30,0.3,0,0,0,0,0,0,0
Junior Hoilett,"FW,MF",ca Canada,32,2.eng Reading,1990,3,2,161,1.8,0,0,0,0,0,1,0
Martin Hongla,MF,cm Cameroon,24,1.it Hellas Verona,1998,2,2,121,1.3,0,0,0,0,0,0,0
Ricardo Horta,FW,pt Portugal,27,1.pt Braga,1994,3,1,119,1.3,1,0,1,0,0,0,0
Hossein Hosseini,GK,ir IR Iran,29,1.ir Esteghlal,1992,2,1,161,1.8,0,0,0,0,0,0,0
Majid Hosseini,DF,ir IR Iran,25,1.tr Kayserispor,1996,3,3,270,3.0,0,0,0,0,0,1,0
Ajdin Hrustic,"MF,FW",au Australia,25,1.it Hellas Verona,1996,3,0,62,0.7,0,0,0,0,0,0,0
Atiba Hutchinson,MF,ca Canada,39,1.tr Beşiktaş,1983,3,2,159,1.8,0,0,0,0,0,0,0
Pierre Højbjerg,MF,dk Denmark,26,1.eng Tottenham,1995,3,3,270,3.0,0,0,0,0,0,0,0
Romario Ibarra,MF,ec Ecuador,27,1.mx Pachuca,1994,2,1,68,0.8,0,0,0,0,0,0,0
Ivan Ilić,MF,rs Serbia,21,1.it Hellas Verona,2001,1,0,34,0.4,0,0,0,0,0,0,0
Hwang In-beom,MF,kr Korea Republic,25,1.gr Olympiacos,1996,4,4,334,3.7,0,0,0,0,0,0,0
Jackson Irvine,"MF,FW",au Australia,29,2.de St. Pauli,1993,4,4,354,3.9,0,0,0,0,0,2,0
Ko Itakura,DF,jp Japan,25,1.de M'Gladbach,1997,3,3,270,3.0,0,1,0,0,0,2,0
Hiroki Ito,DF,jp Japan,23,1.de Stuttgart,1999,1,0,45,0.5,0,0,0,0,0,0,0
Junya Ito,"MF,FW",jp Japan,29,1.fr Reims,1993,4,3,324,3.6,0,1,0,0,0,0,0
Yahya Jabrane,MF,ma Morocco,30,1.ma Wydad Casablanca,1991,2,0,15,0.2,0,0,0,0,0,0,0
Nicolas Jackson,FW,sn Senegal,20,1.es Villarreal,2001,1,0,17,0.2,0,0,0,0,0,0,0
Lee Jae-sung,"MF,FW",kr Korea Republic,29,1.de Mainz 05,1992,3,3,211,2.3,0,0,0,0,0,0,0
Alireza Jahanbakhsh,MF,ir IR Iran,28,1.nl Feyenoord,1993,2,1,59,0.7,0,0,0,0,0,2,0
Kristijan Jakić,FW,hr Croatia,25,1.de Eint Frankfurt,1997,1,0,1,0.0,0,0,0,0,0,0,0
Ismail Jakobs,DF,sn Senegal,22,1.fr Monaco,1999,4,3,278,3.1,0,1,0,0,0,1,0
Abolfazl Jalali,DF,ir IR Iran,23,1.ir Esteghlal,1998,1,0,19,0.2,0,0,0,0,0,1,0
Daniel James,"FW,MF",wls Wales,24,1.eng Fulham,1997,3,2,154,1.7,0,0,0,0,0,1,0
Vincent Janssen,FW,nl Netherlands,27,1.be Antwerp,1994,2,1,86,1.0,0,0,0,0,0,0,0
Ardon Jasari,FW,ch Switzerland,19,1.ch Luzern,2002,1,0,2,0.0,0,0,0,0,0,0,0
Issam Jebali,FW,tn Tunisia,30,1.dk Odense,1991,3,2,182,2.0,0,0,0,0,0,0,0
Artur Jędrzejczyk,DF,pl Poland,34,1.pl Legia Warsaw,1987,1,0,19,0.2,0,0,0,0,0,0,0
Mathias Jensen,MF,dk Denmark,26,1.eng Brentford,1996,2,1,84,0.9,0,0,0,0,0,1,0
Gabriel Jesus,FW,br Brazil,25,1.eng Arsenal,1997,3,1,93,1.0,0,0,0,0,0,0,0
Raúl Jiménez,FW,mx Mexico,31,1.eng Wolves,1991,3,0,59,0.7,0,0,0,0,0,0,0
Kim Jin-su,DF,kr Korea Republic,30,1.kr Jeonbuk,1992,4,4,315,3.5,0,1,0,0,0,0,0
Brennan Johnson,"FW,MF",wls Wales,21,1.eng Nott'ham Forest,2001,3,0,91,1.0,0,0,0,0,0,0,0
Alistair Johnston,DF,ca Canada,23,1.us CF Montréal,1998,3,3,270,3.0,0,0,0,0,0,1,0
Frenkie de Jong,MF,nl Netherlands,25,1.es Barcelona,1997,5,5,475,5.3,1,1,1,0,0,1,0
Luuk de Jong,FW,nl Netherlands,31,1.nl PSV Eindhoven,1990,1,0,57,0.6,0,0,0,0,0,0,0
Luka Jović,FW,rs Serbia,24,1.it Fiorentina,1997,1,0,36,0.4,0,0,0,0,0,1,0
Son Jun-ho,"MF,DF",kr Korea Republic,30,1.cn Shandong Lunen,1992,3,0,72,0.8,0,0,0,0,0,0,0
Vinicius Júnior,FW,br Brazil,21,1.es Real Madrid,2000,4,4,299,3.3,1,2,1,0,0,0,0
Josip Juranović,DF,hr Croatia,26,1.sct Celtic,1995,6,6,600,6.7,0,1,0,0,0,0,0
Daichi Kamada,"FW,MF",jp Japan,25,1.de Eint Frankfurt,1996,4,4,322,3.6,0,0,0,0,0,0,0
Jakub Kamiński,MF,pl Poland,20,1.de Wolfsburg,2002,4,2,233,2.6,0,0,0,0,0,0,0
Hossein Kanaanizadegan,DF,ir IR Iran,28,1.qa Al Ahli SC,1994,1,0,45,0.5,0,0,0,0,0,1,0
Harry Kane,FW,eng England,28,1.eng Tottenham,1993,5,5,402,4.5,2,3,1,1,2,0,0
Lee Kangin,"MF,FW",kr Korea Republic,21,1.es Mallorca,2001,4,1,147,1.6,0,1,0,0,0,1,0
Mohamed Kanno,"MF,FW",sa Saudi Arabia,27,1.sa Al-Hilal,1994,3,3,270,3.0,0,0,0,0,0,0,0
Fran Karačić,DF,au Australia,26,2.it Brescia,1996,2,1,93,1.0,0,0,0,0,0,0,0
Ali Karimi,MF,ir IR Iran,28,1.tr Kayserispor,1994,3,1,99,1.1,0,0,0,0,0,0,0
Mark-Anthony Kaye,MF,ca Canada,27,1.us Toronto FC,1994,1,1,59,0.7,0,0,0,0,0,0,0
Wajdi Kechrida,DF,tn Tunisia,26,1.gr Atromitos,1995,3,1,111,1.2,0,0,0,0,0,1,0
Thilo Kehrer,DF,de Germany,25,1.eng West Ham,1996,1,1,69,0.8,0,0,0,0,0,1,0
Bilal El Khannous,MF,ma Morocco,18,1.be Genk,2004,1,1,55,0.6,0,0,0,0,0,0,0
Wahbi Khazri,"FW,MF",tn Tunisia,31,1.fr Montpellier,1991,2,1,83,0.9,1,0,1,0,0,0,0
Musab Kheder,DF,qa Qatar,28,1.qa Al Sadd SC,1993,1,0,6,0.1,0,0,0,0,0,0,0
Boualem Khoukhi,DF,qa Qatar,31,1.qa Al Sadd SC,1990,3,3,270,3.0,0,0,0,0,0,0,0
Joshua Kimmich,"MF,DF",de Germany,27,1.de Bayern Munich,1995,3,3,270,3.0,0,0,0,0,0,1,0
Jakub Kiwior,DF,pl Poland,22,1.it Spezia,2000,4,4,355,3.9,0,0,0,0,0,1,0
Simon Kjær,DF,dk Denmark,33,1.it Milan,1989,1,1,64,0.7,0,0,0,0,0,0,0
Davy Klaassen,"MF,FW",nl Netherlands,29,1.nl Ajax,1993,4,3,190,2.1,1,2,1,0,0,0,0
Lukas Klostermann,DF,de Germany,26,1.de RB Leipzig,1996,2,0,66,0.7,0,0,0,0,0,0,0
Gregor Kobel,GK,ch Switzerland,24,1.de Dortmund,1997,1,1,90,1.0,0,0,0,0,0,0,0
Koke,MF,es Spain,30,1.es Atlético Madrid,1992,2,0,52,0.6,0,0,0,0,0,0,0
Randal Kolo Muani,FW,fr France,23,1.de Eint Frankfurt,1998,3,1,182,2.0,1,0,1,0,0,0,0
Ibrahima Konaté,DF,fr France,23,1.eng Liverpool,1999,5,3,294,3.3,0,0,0,0,0,0,0
Ismaël Koné,"MF,DF",ca Canada,20,1.us CF Montréal,2002,3,0,109,1.2,0,0,0,0,0,0,0
Teun Koopmeiners,MF,nl Netherlands,24,1.it Atalanta,1998,5,1,219,2.4,0,1,0,0,0,1,0
Filip Kostić,DF,rs Serbia,29,1.it Juventus,1992,2,2,179,2.0,0,0,0,0,0,0,0
Kalidou Koulibaly,DF,sn Senegal,30,1.eng Chelsea,1991,4,4,360,4.0,1,0,1,0,0,1,0
Jules Koundé,DF,fr France,23,1.es Barcelona,1998,6,5,480,5.3,0,0,0,0,0,1,0
Cheikhou Kouyaté,MF,sn Senegal,32,1.eng Nott'ham Forest,1989,1,1,72,0.8,0,0,0,0,0,0,0
Mateo Kovačić,MF,hr Croatia,28,1.eng Chelsea,1994,7,7,635,7.1,0,0,0,0,0,2,0
Andrej Kramarić,"FW,MF",hr Croatia,30,1.de Hoffenheim,1991,7,7,474,5.3,2,0,2,0,0,0,0
Grzegorz Krychowiak,MF,pl Poland,32,1.sa Al-Shabab,1990,4,4,332,3.7,0,0,0,0,0,1,0
Takefusa Kubo,FW,jp Japan,21,1.es Real Sociedad,2001,2,2,90,1.0,0,0,0,0,0,0,0
Pierre Kunde,MF,cm Cameroon,26,1.gr Olympiacos,1995,2,2,131,1.5,0,0,0,0,0,1,0
Garang Kuol,"FW,MF",au Australia,17,1.au Central Coast,2004,2,0,37,0.4,0,0,0,0,0,0,0
Daniel Kyereh,"MF,DF",gh Ghana,26,1.de Freiburg,1996,3,0,33,0.4,0,0,0,0,0,0,0
Kwon Kyung-won,DF,kr Korea Republic,30,1.jp Gamba Osaka,1992,2,1,91,1.0,0,0,0,0,0,0,0
Aïssa Laïdouni,MF,tn Tunisia,25,1.hu Ferencváros,1996,3,3,243,2.7,0,1,0,0,0,1,0
Tariq Lamptey,DF,gh Ghana,21,1.eng Brighton,2000,2,1,102,1.1,0,0,0,0,0,1,0
Noa Lang,MF,nl Netherlands,22,1.be Club Brugge,1999,1,0,8,0.1,0,0,0,0,0,1,0
Aymeric Laporte,DF,es Spain,28,1.eng Manchester City,1994,3,3,300,3.3,0,0,0,0,0,1,0
Cyle Larin,FW,ca Canada,27,1.be Club Brugge,1995,3,2,137,1.5,0,0,0,0,0,0,0
Richie Laryea,"DF,MF",ca Canada,27,1.us Toronto FC,1995,3,2,160,1.8,0,0,0,0,0,0,0
Darko Lazović,DF,rs Serbia,31,1.it Hellas Verona,1990,1,0,25,0.3,0,0,0,0,0,0,0
Rafael Leão,FW,pt Portugal,23,1.it Milan,1999,5,0,88,1.0,2,0,2,0,0,0,0
Mathew Leckie,"MF,FW",au Australia,31,1.au Melb City,1991,4,4,333,3.7,1,1,1,0,0,0,0
Robert Lewandowski,FW,pl Poland,33,1.es Barcelona,1988,4,4,360,4.0,2,1,1,1,2,0,0
Matthijs de Ligt,DF,nl Netherlands,22,1.de Bayern Munich,1999,2,1,91,1.0,0,0,0,0,0,1,0
Jesper Lindstrøm,"MF,FW",dk Denmark,22,1.de Eint Frankfurt,2000,3,2,200,2.2,0,0,0,0,0,0,0
Marko Livaja,FW,hr Croatia,28,1.hr Hajduk Split,1993,6,3,241,2.7,1,1,1,0,0,0,0
Dominik Livaković,GK,hr Croatia,27,1.hr Dinamo Zagreb,1995,7,7,690,7.7,0,0,0,0,0,1,0
Marcos Llorente,DF,es Spain,27,1.es Atlético Madrid,1995,1,1,120,1.3,0,0,0,0,0,0,0
Hugo Lloris,GK,fr France,35,1.eng Tottenham,1986,6,6,570,6.3,0,0,0,0,0,0,0
Dejan Lovren,DF,hr Croatia,32,1.ru Zenit,1989,6,6,600,6.7,0,1,0,0,0,1,0
Hirving Lozano,FW,mx Mexico,26,1.it Napoli,1995,3,3,252,2.8,0,0,0,0,0,0,0
Romelu Lukaku,FW,be Belgium,29,1.it Inter,1993,2,0,55,0.6,0,0,0,0,0,0,0
Saša Lukić,MF,rs Serbia,25,1.it Torino,1996,3,3,245,2.7,0,0,0,0,0,2,0
Ali Maâloul,DF,tn Tunisia,32,1.eg Al Ahly SC,1990,1,1,90,1.0,0,0,0,0,0,0,0
Awer Mabil,MF,au Australia,26,1.es Cádiz,1995,2,0,24,0.3,0,0,0,0,0,0,0
Alexis Mac Allister,MF,ar Argentina,23,1.eng Brighton,1998,6,6,550,6.1,1,1,1,0,0,0,0
Jamie Maclaren,FW,au Australia,28,1.au Melb City,1993,3,0,55,0.6,0,0,0,0,0,0,0
Assim Madibo,MF,qa Qatar,25,1.qa Al Duhail SC,1996,2,2,153,1.7,0,0,0,0,0,1,0
Abdullah Madu,"DF,MF",sa Saudi Arabia,28,1.sa Al-Nassr,1993,1,0,45,0.5,0,0,0,0,0,1,0
Daizen Maeda,FW,jp Japan,24,1.sct Celtic,1997,3,3,180,2.0,1,0,1,0,0,0,0
Harry Maguire,DF,eng England,29,1.eng Manchester Utd,1993,5,5,429,4.8,0,1,0,0,0,1,0
Lovro Majer,"MF,FW",hr Croatia,24,1.fr Rennes,1998,7,1,130,1.4,1,0,1,0,0,0,0
Nemanja Maksimović,MF,rs Serbia,27,1.es Getafe,1995,3,1,122,1.4,0,0,0,0,0,0,0
Abdulellah Al-Malki,MF,sa Saudi Arabia,27,1.sa Al-Hilal,1994,2,2,174,1.9,0,0,0,0,0,2,0
Steve Mandanda,GK,fr France,37,1.fr Rennes,1985,1,1,90,1.0,0,0,0,0,0,0,0
José María Giménez,DF,uy Uruguay,27,1.es Atlético Madrid,1995,3,3,270,3.0,0,0,0,0,0,1,0
João Mário,"FW,MF",pt Portugal,29,1.pt Benfica,1993,2,1,84,0.9,0,0,0,0,0,0,0
Marquinhos,DF,br Brazil,28,1.fr Paris S-G,1994,5,4,426,4.7,0,0,0,0,0,1,0
Henry Martín,FW,mx Mexico,29,1.mx América,1992,2,2,146,1.6,1,0,1,0,0,0,0
Martinelli,FW,br Brazil,20,1.eng Arsenal,2001,3,1,113,1.3,0,0,0,0,0,0,0
Carlos Martínez,DF,cr Costa Rica,23,1.cr AD San Carlos,1999,1,1,45,0.5,0,0,0,0,0,0,0
Emiliano Martínez,GK,ar Argentina,29,1.eng Aston Villa,1992,7,7,690,7.7,0,0,0,0,0,1,0
Lautaro Martínez,FW,ar Argentina,24,1.it Inter,1997,6,2,241,2.7,0,0,0,0,0,0,0
Lisandro Martínez,DF,ar Argentina,24,1.eng Manchester Utd,1998,5,2,303,3.4,0,0,0,0,0,1,0
Pape Matar Sarr,MF,sn Senegal,19,1.eng Tottenham,2002,2,0,59,0.7,0,0,0,0,0,0,0
Rónald Matarrita,"DF,MF",cr Costa Rica,27,1.us FC Cincinnati,1994,2,0,26,0.3,0,0,0,0,0,0,0
Eric Maxim Choupo-Moting,"FW,MF",cm Cameroon,33,1.de Bayern Munich,1989,3,3,253,2.8,1,0,1,0,0,0,0
Noussair Mazraoui,DF,ma Morocco,24,1.de Bayern Munich,1997,5,5,365,4.1,0,0,0,0,0,0,0
Kylian Mbappé,FW,fr France,23,1.fr Paris S-G,1998,7,6,598,6.6,8,2,6,2,2,0,0
Bryan Mbeumo,"FW,MF",cm Cameroon,22,1.eng Brentford,1999,3,3,233,2.6,0,0,0,0,0,0,0
Riley McGree,"FW,MF",au Australia,23,2.eng Middlesbrough,1998,4,4,265,2.9,0,1,0,0,0,0,0
Weston McKennie,MF,us United States,23,1.it Juventus,1998,4,4,271,3.0,0,0,0,0,0,1,0
Hannibal Mejbri,MF,tn Tunisia,19,2.eng Birmingham City,2003,1,0,11,0.1,0,0,0,0,0,0,0
Memphis,FW,nl Netherlands,28,1.es Barcelona,1994,5,3,297,3.3,1,0,1,0,0,1,0
Nuno Mendes,DF,pt Portugal,19,1.fr Paris S-G,2002,1,1,41,0.5,0,0,0,0,0,0,0
Jhegson Méndez,MF,ec Ecuador,25,1.us Los Angeles FC,1997,2,2,180,2.0,0,0,0,0,0,2,0
Edouard Mendy,GK,sn Senegal,30,1.eng Chelsea,1992,4,4,360,4.0,0,0,0,0,0,0,0
Nampalys Mendy,MF,sn Senegal,29,1.eng Leicester City,1992,4,3,272,3.0,0,0,0,0,0,1,0
Gideon Mensah,DF,gh Ghana,23,1.fr Auxerre,1998,1,1,87,1.0,0,1,0,0,0,0,0
Chris Mepham,DF,wls Wales,24,1.eng Bournemouth,1997,3,3,270,3.0,0,0,0,0,0,1,0
Yassine Meriah,DF,tn Tunisia,28,1.tn Espérance de Tunis,1993,3,3,270,3.0,0,0,0,0,0,0,0
Dries Mertens,"MF,FW",be Belgium,35,1.tr Galatasaray,1987,2,1,76,0.8,0,0,0,0,0,0,0
Lionel Messi,FW,ar Argentina,34,1.fr Paris S-G,1987,7,7,690,7.7,7,3,3,4,5,1,0
Thomas Meunier,DF,be Belgium,30,1.de Dortmund,1991,3,2,211,2.3,0,0,0,0,0,1,0
Nikola Milenković,DF,rs Serbia,24,1.it Fiorentina,1997,3,3,270,3.0,0,0,0,0,0,2,0
Arkadiusz Milik,"FW,MF",pl Poland,28,1.it Juventus,1994,3,1,101,1.1,0,0,0,0,0,1,0
Sergej Milinković-Savić,MF,rs Serbia,27,1.it Lazio,1995,3,3,233,2.6,1,0,1,0,0,1,0
Vanja Milinković-Savić,GK,rs Serbia,25,1.it Torino,1997,3,3,270,3.0,0,0,0,0,0,0,0
Éder Militão,DF,br Brazil,24,1.es Real Madrid,1998,4,4,347,3.9,0,0,0,0,0,1,0
Liam Millar,DF,ca Canada,22,1.ch Basel,1999,1,0,10,0.1,0,0,0,0,0,0,0
Kamal Miller,DF,ca Canada,25,1.us CF Montréal,1997,3,3,270,3.0,0,0,0,0,0,1,0
Kim Min-jae,DF,kr Korea Republic,25,1.it Napoli,1996,3,3,269,3.0,0,0,0,0,0,0,0
Takumi Minamino,FW,jp Japan,27,1.fr Monaco,1995,3,0,60,0.7,0,0,0,0,0,0,0
Kaoru Mitoma,MF,jp Japan,25,1.eng Brighton,1997,4,0,165,1.8,0,1,0,0,0,0,0
Aleksandar Mitrović,FW,rs Serbia,27,1.eng Fulham,1994,3,3,262,2.9,2,0,2,0,0,1,0
Stefan Mitrović,DF,rs Serbia,32,1.es Getafe,1990,1,0,35,0.4,0,0,0,0,0,0,0
Filip Mladenović,DF,rs Serbia,30,1.pl Legia Warsaw,1991,1,1,65,0.7,0,0,0,0,0,0,0
Luka Modrić,MF,hr Croatia,36,1.es Real Madrid,1985,7,7,653,7.3,0,0,0,0,0,1,0
Ismail Mohamad,FW,qa Qatar,32,1.qa Al Duhail SC,1990,2,2,174,1.9,0,1,0,0,0,1,0
Milad Mohammadi,DF,ir IR Iran,28,1.gr AEK Athens,1993,3,3,196,2.2,0,0,0,0,0,0,0
Kudus Mohammed,"FW,MF",gh Ghana,21,1.nl Ajax,2000,3,3,247,2.7,2,0,2,0,0,1,0
Sadegh Moharrami,DF,ir IR Iran,26,1.hr Dinamo Zagreb,1996,1,1,90,1.0,0,0,0,0,0,0,0
Nahuel Molina,DF,ar Argentina,24,1.es Atlético Madrid,1998,7,6,567,6.3,1,1,1,0,0,0,0
César Montes,DF,mx Mexico,25,1.mx Monterrey,1997,3,3,270,3.0,0,1,0,0,0,0,0
Gonzalo Montiel,"DF,MF",ar Argentina,25,1.es Sevilla,1997,4,1,118,1.3,0,0,0,0,0,3,0
Kim Moonhwan,DF,kr Korea Republic,26,1.kr Jeonbuk,1995,4,4,360,4.0,0,0,0,0,0,0,0
Kieffer Moore,FW,wls Wales,29,1.eng Bournemouth,1992,3,2,225,2.5,0,0,0,0,0,0,0
Shaquell Moore,DF,us United States,25,1.us Nashville,1996,2,0,22,0.2,0,0,0,0,0,0,0
Aaron Mooy,MF,au Australia,31,1.sct Celtic,1990,4,4,360,4.0,0,0,0,0,0,1,0
Álvaro Morata,FW,es Spain,29,1.es Atlético Madrid,1992,4,1,185,2.1,3,1,3,0,0,0,0
Héctor Moreno,DF,mx Mexico,34,1.mx Monterrey,1988,3,3,270,3.0,0,0,0,0,0,1,0
Hidemasa Morita,MF,jp Japan,27,1.pt Sporting CP,1995,3,3,285,3.2,0,0,0,0,0,0,0
Joe Morrell,MF,wls Wales,25,3.eng Portsmouth,1997,2,0,33,0.4,0,0,0,0,0,0,0
Jordan Morris,"FW,DF",us United States,27,1.us Seattle,1994,2,0,4,0.0,0,0,0,0,0,0,0
Youssoufa Moukoko,FW,de Germany,17,1.de Dortmund,2004,1,0,1,0.0,0,0,0,0,0,0,0
Mason Mount,MF,eng England,23,1.eng Chelsea,1999,4,2,186,2.1,0,0,0,0,0,0,0
Youssef Msakni,"MF,FW",tn Tunisia,31,1.qa Al-Arabi SC,1990,2,2,169,1.9,0,0,0,0,0,0,0
Thomas Müller,"FW,MF",de Germany,32,1.de Bayern Munich,1989,3,3,201,2.2,0,0,0,0,0,0,0
Munir,GK,ma Morocco,33,1.sa Al-Wehda,1989,1,1,90,1.0,0,0,0,0,0,0,0
Mohammed Muntari,"FW,MF",qa Qatar,28,1.qa Al Duhail SC,1993,3,0,63,0.7,1,0,1,0,0,0,0
Yunus Musah,MF,us United States,19,1.es Valencia,2002,4,4,343,3.8,0,0,0,0,0,0,0
Jamal Musiala,"MF,FW",de Germany,19,1.de Bayern Munich,2003,3,3,258,2.9,0,1,0,0,0,0,0
Joakim Mæhle,DF,dk Denmark,25,1.it Atalanta,1997,3,3,249,2.8,0,0,0,0,0,0,0
Georges-Kévin N'Koudou,"FW,MF",cm Cameroon,27,1.tr Beşiktaş,1995,2,0,27,0.3,0,0,0,0,0,0,0
Yuto Nagatomo,"MF,DF",jp Japan,35,1.jp FC Tokyo,1986,4,4,209,2.3,0,0,0,0,0,0,0
Sami Al-Najei,MF,sa Saudi Arabia,25,1.sa Al-Nassr,1997,1,1,45,0.5,0,0,0,0,0,0,0
Keylor Navas,GK,cr Costa Rica,35,1.fr Paris S-G,1986,3,3,270,3.0,0,0,0,0,0,0,0
Iliman Ndiaye,"FW,MF",sn Senegal,22,2.eng Sheffield Utd,2000,3,2,135,1.5,0,1,0,0,0,0,0
Victor Nelsson,DF,dk Denmark,23,1.tr Galatasaray,1998,1,1,90,1.0,0,0,0,0,0,0,0
Manuel Neuer,GK,de Germany,36,1.de Bayern Munich,1986,3,3,270,3.0,0,0,0,0,0,0,0
Rúben Neves,MF,pt Portugal,25,1.eng Wolves,1997,5,4,268,3.0,0,0,0,0,0,1,0
Neymar,MF,br Brazil,30,1.fr Paris S-G,1992,3,3,279,3.1,2,0,1,1,1,0,0
Moumi Ngamaleu,"FW,MF",cm Cameroon,27,1.ru Dynamo Mosc,1994,2,1,95,1.1,0,0,0,0,0,0,0
Jerome Ngom Mbekeli,MF,cm Cameroon,23,1.cm Colombe Sportive du Dja et Lobo,1998,1,0,5,0.1,0,0,0,0,0,0,0
Rasmus Nissen,DF,dk Denmark,24,1.eng Leeds United,1997,3,3,224,2.5,0,0,0,0,0,1,0
Nicolas Nkoulou,DF,cm Cameroon,32,1.gr Aris,1990,2,2,180,2.0,0,1,0,0,0,1,0
Andries Noppert,GK,nl Netherlands,28,1.nl Heerenveen,1994,5,5,480,5.3,0,0,0,0,0,0,0
Ahmad Nourollahi,MF,ir IR Iran,29,1.ae Al-Ahli Dubai FC,1993,3,3,223,2.5,0,0,0,0,0,0,0
Olivier Ntcham,MF,cm Cameroon,26,2.eng Swansea City,1996,1,0,25,0.3,0,0,0,0,0,0,0
Matheus Nunes,MF,pt Portugal,23,1.eng Wolves,1998,2,1,73,0.8,0,0,0,0,0,0,0
Darwin Núñez,FW,uy Uruguay,22,1.eng Liverpool,1999,3,3,240,2.7,0,0,0,0,0,1,0
Christian Nørgaard,MF,dk Denmark,28,1.eng Brentford,1994,1,0,6,0.1,0,0,0,0,0,0,0
Guillermo Ochoa,GK,mx Mexico,36,1.mx América,1985,3,3,270,3.0,0,0,0,0,0,0,0
Denis Odoi,DF,gh Ghana,34,1.be Club Brugge,1988,1,0,13,0.1,0,0,0,0,0,0,0
Noah Okafor,"FW,MF",ch Switzerland,22,1.at RB Salzburg,2000,3,0,45,0.5,0,0,0,0,0,0,0
Mathías Olivera,DF,uy Uruguay,24,1.it Napoli,1997,3,3,253,2.8,0,0,0,0,0,1,0
Dani Olmo,FW,es Spain,24,1.de RB Leipzig,1998,4,4,367,4.1,1,1,1,0,0,0,0
Amadou Onana,MF,be Belgium,20,1.eng Everton,2001,2,1,104,1.2,0,0,0,0,0,2,0
André Onana,GK,cm Cameroon,26,1.it Inter,1996,1,1,80,0.9,0,0,0,0,0,0,0
Gaël Ondoua,MF,cm Cameroon,26,2.de Hannover 96,1995,2,0,47,0.5,0,0,0,0,0,0,0
Loïs Openda,FW,be Belgium,22,1.fr Lens,2000,1,0,13,0.1,0,0,0,0,0,0,0
Mislav Oršić,FW,hr Croatia,29,1.hr Dinamo Zagreb,1992,6,1,162,1.8,1,2,1,0,0,0,0
Jonathan Osorio,"MF,FW",ca Canada,30,1.us Toronto FC,1992,3,1,119,1.3,0,0,0,0,0,1,0
Nicolás Otamendi,DF,ar Argentina,34,1.pt Benfica,1988,7,7,690,7.7,0,1,0,0,0,2,0
Otávio,MF,pt Portugal,27,1.pt Porto,1995,3,3,196,2.2,0,0,0,0,0,0,0
Samuel Oum Gouet,MF,cm Cameroon,24,1.be Mechelen,1997,2,1,100,1.1,0,0,0,0,0,0,0
Azzedine Ounahi,MF,ma Morocco,22,1.fr Angers,2000,7,6,568,6.3,0,0,0,0,0,1,0
Bryan Oviedo,DF,cr Costa Rica,32,1.us Real Salt Lake,1990,3,3,260,2.9,0,0,0,0,0,0,0
Mohammed Al-Owais,GK,sa Saudi Arabia,30,1.sa Al-Hilal,1991,3,3,270,3.0,0,0,0,0,0,1,0
Juan Pablo Vargas,DF,cr Costa Rica,27,1.co Millonarios,1995,1,1,90,1.0,1,0,1,0,0,0,0
Exequiel Palacios,"MF,DF",ar Argentina,23,1.de Leverkusen,1998,3,0,50,0.6,0,0,0,0,0,0,0
João Palhinha,MF,pt Portugal,26,1.eng Fulham,1995,3,0,38,0.4,0,0,0,0,0,0,0
Lucas Paquetá,MF,br Brazil,24,1.eng West Ham,1997,4,4,314,3.5,1,1,1,0,0,0,0
Leandro Paredes,MF,ar Argentina,27,1.it Juventus,1994,5,2,225,2.5,0,0,0,0,0,2,0
Thomas Partey,MF,gh Ghana,29,1.eng Arsenal,1993,3,3,270,3.0,0,0,0,0,0,0,0
Mario Pašalić,"FW,MF",hr Croatia,27,1.it Atalanta,1995,7,2,271,3.0,0,0,0,0,0,0,0
Benjamin Pavard,DF,fr France,26,1.de Bayern Munich,1996,1,1,88,1.0,0,0,0,0,0,0,0
Strahinja Pavlović,DF,rs Serbia,21,1.at RB Salzburg,2001,3,3,235,2.6,1,0,1,0,0,2,0
Pedri,MF,es Spain,19,1.es Barcelona,2002,4,4,356,4.0,0,0,0,0,0,0,0
Pedro,FW,br Brazil,24,1.br Flamengo,1997,2,0,64,0.7,0,0,0,0,0,0,0
Facundo Pellistri,"MF,FW",uy Uruguay,20,1.eng Manchester Utd,2001,3,2,181,2.0,0,0,0,0,0,0,0
Pepe,DF,pt Portugal,39,1.pt Porto,1983,4,4,360,4.0,1,0,1,0,0,0,0
Danilo Pereira,DF,pt Portugal,30,1.fr Paris S-G,1991,1,1,90,1.0,0,0,0,0,0,1,0
Ivan Perišić,"FW,DF",hr Croatia,33,1.eng Tottenham,1989,7,7,669,7.4,1,3,1,0,0,0,0
Bruno Petković,FW,hr Croatia,27,1.hr Dinamo Zagreb,1994,6,1,234,2.6,1,0,1,0,0,1,0
Germán Pezzella,DF,ar Argentina,30,1.es Betis,1991,3,0,60,0.7,0,0,0,0,0,1,0
Kalvin Phillips,MF,eng England,26,1.eng Manchester City,1995,2,0,42,0.5,0,1,0,0,0,0,0
Krzysztof Piątek,FW,pl Poland,26,1.it Salernitana,1995,2,0,28,0.3,0,0,0,0,0,0,0
Jordan Pickford,GK,eng England,28,1.eng Everton,1994,5,5,450,5.0,0,0,0,0,0,0,0
Orbelín Pineda,MF,mx Mexico,26,1.gr AEK Athens,1996,1,1,76,0.8,0,0,0,0,0,0,0
Gonzalo Plata,"MF,FW",ec Ecuador,21,1.es Valladolid,2000,3,3,269,3.0,0,0,0,0,0,0,0
Jackson Porozo,DF,ec Ecuador,21,1.fr Troyes,2000,2,1,96,1.1,0,0,0,0,0,0,0
Morteza Pouraliganji,DF,ir IR Iran,30,1.ir Persepolis,1992,3,3,270,3.0,0,0,0,0,0,1,0
Ángelo Preciado,DF,ec Ecuador,24,1.be Genk,1998,3,3,264,2.9,0,1,0,0,0,0,0
Christian Pulisic,"FW,MF",us United States,23,1.eng Chelsea,1998,4,4,315,3.5,1,2,1,0,0,0,0
Adrien Rabiot,MF,fr France,27,1.it Juventus,1995,6,5,483,5.4,1,1,1,0,0,1,0
Nemanja Radonjić,"DF,FW",rs Serbia,26,1.it Torino,1996,3,0,60,0.7,0,0,0,0,0,0,0
Baba Rahman,DF,gh Ghana,27,2.eng Reading,1994,3,2,183,2.0,0,0,0,0,0,0,0
Gonçalo Ramos,"FW,MF",pt Portugal,20,1.pt Benfica,2001,4,2,152,1.7,3,1,3,0,0,0,0
Aaron Ramsey,MF,wls Wales,31,1.fr Nice,1990,3,3,266,3.0,0,0,0,0,0,1,0
Raphinha,FW,br Brazil,25,1.es Barcelona,1996,5,4,315,3.5,0,1,0,0,0,0,0
Marcus Rashford,FW,eng England,24,1.eng Manchester Utd,1997,5,1,140,1.6,3,0,3,0,0,0,0
David Raum,DF,de Germany,24,1.de RB Leipzig,1998,3,3,242,2.7,0,1,0,0,0,0,0
Bassam Al-Rawi,DF,qa Qatar,24,1.qa Al Duhail SC,1997,1,1,90,1.0,0,0,0,0,0,0,0
Tim Ream,DF,us United States,34,1.eng Fulham,1987,4,4,360,4.0,0,0,0,0,0,1,0
Djorkaeff Reasco,FW,ec Ecuador,23,1.ar Newell's OB,1999,1,0,27,0.3,0,0,0,0,0,0,0
Gio Reyna,FW,us United States,19,1.de Dortmund,2002,2,0,53,0.6,0,0,0,0,0,0,0
Ramin Rezaeian,DF,ir IR Iran,32,1.ir Sepahan,1990,2,2,180,2.0,1,0,1,0,0,1,0
Everton Ribeiro,MF,br Brazil,33,1.br Flamengo,1989,1,0,36,0.4,0,0,0,0,0,0,0
Declan Rice,MF,eng England,23,1.eng West Ham,1999,5,5,417,4.6,0,0,0,0,0,0,0
Richarlison,FW,br Brazil,25,1.eng Tottenham,1997,4,4,323,3.6,3,0,3,0,0,0,0
Fabian Rieder,FW,ch Switzerland,20,1.ch Young Boys,2002,2,1,68,0.8,0,0,0,0,0,1,0
Ró-Ró,DF,qa Qatar,31,1.qa Al Sadd SC,1990,3,3,262,2.9,0,0,0,0,0,0,0
Connor Roberts,DF,wls Wales,26,2.eng Burnley,1995,3,2,200,2.2,0,0,0,0,0,0,0
Antonee Robinson,DF,us United States,24,1.eng Fulham,1997,4,4,359,4.0,0,0,0,0,0,0,0
Sergio Rochet,GK,uy Uruguay,29,1.uy Nacional,1993,3,3,270,3.0,0,0,0,0,0,0,0
Joe Rodon,DF,wls Wales,24,1.fr Rennes,1997,3,3,270,3.0,0,0,0,0,0,1,0
Rodri,DF,es Spain,25,1.eng Manchester City,1996,4,4,390,4.3,0,0,0,0,0,0,0
Charly Rodríguez,MF,mx Mexico,25,1.mx Cruz Azul,1997,2,0,34,0.4,0,0,0,0,0,0,0
Guido Rodríguez,MF,ar Argentina,28,1.es Betis,1994,1,1,56,0.6,0,0,0,0,0,0,0
Kevin Rodríguez,FW,ec Ecuador,22,,2000,2,0,2,0.0,0,0,0,0,0,0,0
Ricardo Rodríguez,DF,ch Switzerland,29,1.it Torino,1992,4,4,359,4.0,0,0,0,0,0,0,0
Rodrygo,"MF,FW",br Brazil,21,1.es Real Madrid,2001,5,1,181,2.0,0,1,0,0,0,0,0
Mohamed Ali Ben Romdhane,MF,tn Tunisia,22,1.tn Espérance de Tunis,1999,1,1,73,0.8,0,0,0,0,0,0,0
Cristian Romero,DF,ar Argentina,24,1.eng Tottenham,1998,7,6,547,6.1,0,0,0,0,0,2,0
Cristiano Ronaldo,FW,pt Portugal,37,1.eng Manchester Utd,1985,5,3,290,3.2,1,0,0,1,1,0,0
Marten de Roon,MF,nl Netherlands,31,1.it Atalanta,1991,5,3,184,2.0,0,0,0,0,0,0,0
Kye Rowles,DF,au Australia,23,1.sct Hearts,1998,4,4,360,4.0,0,0,0,0,0,0,0
Antonio Rüdiger,DF,de Germany,29,1.es Real Madrid,1993,3,3,270,3.0,0,0,0,0,0,0,0
Bryan Ruiz,MF,cr Costa Rica,36,1.cr Liga Deportiva Alajuelense,1985,1,0,30,0.3,0,0,0,0,0,0,0
Mathew Ryan,GK,au Australia,30,1.dk FC Copenhagen,1992,4,4,360,4.0,0,0,0,0,0,0,0
Youssouf Sabaly,DF,sn Senegal,29,1.es Betis,1993,4,4,360,4.0,0,0,0,0,0,0,0
Abdelhamid Sabiri,MF,ma Morocco,25,1.it Sampdoria,1996,5,2,181,2.0,0,1,0,0,0,1,0
Romain Saïss,DF,ma Morocco,32,1.tr Beşiktaş,1990,6,6,466,5.2,1,0,1,0,0,1,0
Bukayo Saka,FW,eng England,20,1.eng Arsenal,2001,4,4,288,3.2,3,0,3,0,0,0,0
Hiroki Sakai,"MF,DF",jp Japan,32,1.jp Urawa Reds,1990,2,1,119,1.3,0,0,0,0,0,0,0
Youstin Salas,"DF,MF",cr Costa Rica,25,1.cr Deportivo Saprissa,1996,2,0,47,0.5,0,0,0,0,0,0,0
William Saliba,DF,fr France,21,1.eng Arsenal,2001,1,0,28,0.3,0,0,0,0,0,0,0
Mohammed Salisu,DF,gh Ghana,23,1.eng Southampton,1999,3,3,270,3.0,1,0,1,0,0,0,0
Tarek Salman,DF,qa Qatar,24,1.qa Al Sadd SC,1997,1,0,8,0.1,0,0,0,0,0,0,0
Alex Sandro,DF,br Brazil,31,1.it Juventus,1991,3,2,190,2.1,0,0,0,0,0,0,0
Leroy Sané,"FW,DF",de Germany,26,1.de Bayern Munich,1996,2,1,111,1.2,0,1,0,0,0,0,0
Na Sang-ho,FW,kr Korea Republic,25,1.kr FC Seoul,1996,2,1,119,1.3,0,0,0,0,0,0,0
Pablo Sarabia,FW,es Spain,30,1.fr Paris S-G,1992,1,0,3,0.0,0,0,0,0,0,0,0
Josh Sargent,FW,us United States,22,2.eng Norwich City,2000,3,2,157,1.7,0,0,0,0,0,0,0
Jeremy Sarmiento,"MF,FW",ec Ecuador,19,1.eng Brighton,2002,3,0,85,0.9,0,0,0,0,0,0,0
Ismaila Sarr,"FW,MF",sn Senegal,24,2.eng Watford,1998,4,4,344,3.8,1,0,0,1,1,0,0
Ferjani Sassi,"MF,DF",tn Tunisia,30,1.qa Al Duhail SC,1992,2,0,48,0.5,0,0,0,0,0,1,0
Fabian Schär,DF,ch Switzerland,30,1.eng Newcastle Utd,1991,2,2,135,1.5,0,0,0,0,0,2,0
Nico Schlotterbeck,DF,de Germany,22,1.de Dortmund,1999,2,1,94,1.0,0,0,0,0,0,0,0
Kasper Schmeichel,GK,dk Denmark,35,1.fr Nice,1986,3,3,270,3.0,0,0,0,0,0,0,0
Haris Seferović,FW,ch Switzerland,30,1.tr Galatasaray,1992,3,0,71,0.8,0,0,0,0,0,0,0
Alidu Seidu,DF,gh Ghana,22,1.fr Clermont Foot,2000,2,2,155,1.7,0,0,0,0,0,2,0
Antoine Semenyo,"FW,MF",gh Ghana,22,2.eng Bristol City,2000,2,0,20,0.2,0,0,0,0,0,0,0
Kim Seung-gyu,GK,kr Korea Republic,31,1.sa Al-Shabab,1990,4,4,360,4.0,0,0,0,0,0,0,0
Paik Seung-ho,MF,kr Korea Republic,25,1.kr Jeonbuk,1997,1,0,26,0.3,1,0,1,0,0,0,0
Yasser Al-Shahrani,DF,sa Saudi Arabia,30,1.sa Al-Hilal,1992,1,1,89,1.0,0,0,0,0,0,0,0
Xherdan Shaqiri,"FW,MF",ch Switzerland,30,1.us Chicago Fire,1991,3,3,229,2.5,1,1,1,0,0,0,0
Riyadh Sharahili,MF,sa Saudi Arabia,29,1.sa Abha,1993,1,0,54,0.6,0,0,0,0,0,0,0
Luke Shaw,DF,eng England,26,1.eng Manchester Utd,1995,5,5,424,4.7,0,1,0,0,0,0,0
Saad Al Sheeb,GK,qa Qatar,32,1.qa Al Sadd SC,1990,1,1,90,1.0,0,0,0,0,0,1,0
Saleh Al-Shehri,FW,sa Saudi Arabia,28,1.sa Al-Hilal,1993,3,3,223,2.5,1,0,1,0,0,1,0
André Silva,FW,pt Portugal,26,1.de RB Leipzig,1995,1,0,26,0.3,0,0,0,0,0,0,0
António Silva,DF,pt Portugal,18,1.pt Benfica,2003,1,1,90,1.0,0,0,0,0,0,0,0
Bernardo Silva,MF,pt Portugal,27,1.eng Manchester City,1994,5,4,356,4.0,0,0,0,0,0,0,0
Thiago Silva,DF,br Brazil,37,1.eng Chelsea,1984,4,4,390,4.3,0,1,0,0,0,0,0
Unai Simón,GK,es Spain,25,1.es Athletic Club,1997,4,4,390,4.3,0,0,0,0,0,0,0
Xavi Simons,"FW,MF",nl Netherlands,19,1.nl PSV Eindhoven,2003,1,0,9,0.1,0,0,0,0,0,0,0
Ellyes Skhiri,MF,tn Tunisia,27,1.de Köln,1995,3,3,270,3.0,0,0,0,0,0,0,0
Michał Skóraś,MF,pl Poland,22,1.pl Lech Poznań,2000,1,0,45,0.5,0,0,0,0,0,0,0
Andreas Skov Olsen,"FW,MF",dk Denmark,22,1.be Club Brugge,1999,2,2,132,1.5,0,0,0,0,0,0,0
Robert Skov,DF,dk Denmark,26,1.de Hoffenheim,1996,1,0,22,0.2,0,0,0,0,0,1,0
Naïm Sliti,"MF,FW",tn Tunisia,29,1.sa Al-Ettifaq,1992,2,1,114,1.3,0,0,0,0,0,0,0
Carlos Soler,MF,es Spain,25,1.fr Paris S-G,1997,2,0,92,1.0,1,0,1,0,0,0,0
Yuki Soma,"FW,MF",jp Japan,25,1.jp Grampus,1997,1,1,81,0.9,0,0,0,0,0,0,0
Yann Sommer,GK,ch Switzerland,33,1.de M'Gladbach,1988,3,3,270,3.0,0,0,0,0,0,0,0
Borna Sosa,DF,hr Croatia,24,1.de Stuttgart,1998,5,5,424,4.7,0,0,0,0,0,0,0
Harry Souttar,DF,au Australia,23,2.eng Stoke City,1998,4,4,360,4.0,0,0,0,0,0,0,0
Djibril Sow,MF,ch Switzerland,25,1.de Eint Frankfurt,1997,4,4,264,2.9,0,1,0,0,0,0,0
Josip Stanišić,DF,hr Croatia,22,1.de Bayern Munich,2000,1,1,90,1.0,0,0,0,0,0,0,0
Renato Steffen,FW,ch Switzerland,30,1.ch Lugano,1991,1,0,32,0.4,0,0,0,0,0,0,0
Raheem Sterling,FW,eng England,27,1.eng Chelsea,1994,3,2,149,1.7,1,1,1,0,0,0,0
John Stones,DF,eng England,28,1.eng Manchester City,1994,5,5,434,4.8,0,0,0,0,0,0,0
Luis Suárez,FW,uy Uruguay,35,1.uy Nacional,1987,3,2,146,1.6,0,1,0,0,0,1,0
Niklas Süle,DF,de Germany,26,1.de Dortmund,1995,3,3,269,3.0,0,0,0,0,0,0,0
Kamaldeen Sulemana,FW,gh Ghana,20,1.fr Rennes,2002,2,0,58,0.6,0,0,0,0,0,1,0
Josip Šutalo,DF,hr Croatia,22,1.hr Dinamo Zagreb,2000,1,1,90,1.0,0,0,0,0,0,0,0
Karol Świderski,FW,pl Poland,25,1.us Charlotte,1997,1,1,45,0.5,0,0,0,0,0,0,0
Wojciech Szczęsny,GK,pl Poland,32,1.it Juventus,1990,4,4,360,4.0,0,0,0,0,0,0,0
Damian Szymański,MF,pl Poland,26,1.gr AEK Athens,1995,1,0,29,0.3,0,0,0,0,0,0,0
Sebastian Szymański,MF,pl Poland,23,1.nl Feyenoord,1999,2,2,134,1.5,0,0,0,0,0,0,0
Dušan Tadić,"MF,FW",rs Serbia,33,1.nl Ajax,1988,3,3,257,2.9,0,2,0,0,0,0,0
Nicolás Tagliafico,DF,ar Argentina,29,1.fr Lyon,1992,6,3,373,4.1,0,0,0,0,0,0,0
Montassar Talbi,DF,tn Tunisia,24,1.fr Lorient,1998,3,3,270,3.0,0,0,0,0,0,0,0
Hassan Al Tambakti,DF,sa Saudi Arabia,23,1.sa Al-Shabab,1999,2,2,180,2.0,0,0,0,0,0,1,0
Ao Tanaka,MF,jp Japan,23,2.de Düsseldorf,1998,3,2,171,1.9,1,0,1,0,0,0,0
Shogo Taniguchi,DF,jp Japan,30,1.jp Kawa Frontale,1991,2,2,210,2.3,0,0,0,0,0,1,0
Mehdi Taremi,FW,ir IR Iran,29,1.pt Porto,1992,3,3,270,3.0,2,1,1,1,1,0,0
Kenneth Taylor,MF,nl Netherlands,20,1.nl Ajax,2002,1,0,5,0.1,0,0,0,0,0,0,0
Aurélien Tchouaméni,MF,fr France,22,1.es Real Madrid,2000,7,7,621,6.9,1,0,1,0,0,1,0
Yeltsin Tejeda,MF,cr Costa Rica,30,1.cr Club Sport Herediano,1992,3,3,269,3.0,1,1,1,0,0,0,0
Alex Telles,DF,br Brazil,29,1.es Sevilla,1992,2,1,59,0.7,0,0,0,0,0,0,0
Sorba Thomas,MF,wls Wales,22,2.eng Huddersfield,1999,1,0,1,0.0,0,0,0,0,0,0,0
Marcus Thuram,"FW,MF",fr France,24,1.de M'Gladbach,1997,5,0,151,1.7,0,2,0,0,0,1,0
Youri Tielemans,MF,be Belgium,25,1.eng Leicester City,1997,3,1,95,1.1,0,0,0,0,0,0,0
Jurriën Timber,DF,nl Netherlands,20,1.nl Ajax,2001,4,4,390,4.3,0,0,0,0,0,1,0
Karl Toko Ekambi,"FW,MF",cm Cameroon,29,1.fr Lyon,1992,3,2,166,1.8,0,0,0,0,0,0,0
Nouhou Tolo,DF,cm Cameroon,24,1.us Seattle,1997,3,3,270,3.0,0,0,0,0,0,1,0
Takehiro Tomiyasu,"DF,MF",jp Japan,23,1.eng Arsenal,1998,3,1,187,2.1,0,0,0,0,0,0,0
Mehdi Torabi,MF,ir IR Iran,27,1.ir Persepolis,1994,3,0,62,0.7,0,0,0,0,0,0,0
Félix Torres Caicedo,DF,ec Ecuador,25,1.mx Santos,1997,3,3,270,3.0,0,1,0,0,0,0,0
Ferrán Torres,FW,es Spain,22,1.es Barcelona,2000,4,3,217,2.4,2,0,1,1,1,0,0
Gerson Torres,MF,cr Costa Rica,24,1.cr Club Sport Herediano,1997,1,1,64,0.7,0,0,0,0,0,0,0
Pau Torres,DF,es Spain,25,1.es Villarreal,1997,1,1,90,1.0,0,0,0,0,0,0,0
Kieran Trippier,DF,eng England,31,1.eng Newcastle Utd,1990,3,2,206,2.3,0,0,0,0,0,0,0
Leandro Trossard,"FW,MF",be Belgium,27,1.eng Brighton,1994,3,1,103,1.1,0,0,0,0,0,0,0
Matt Turner,GK,us United States,27,1.eng Arsenal,1994,4,4,360,4.0,0,0,0,0,0,0,0
Ayase Ueda,FW,jp Japan,23,1.be Cercle Brugge,1998,1,1,45,0.5,0,0,0,0,0,0,0
Hwang Ui-jo,"FW,MF",kr Korea Republic,29,1.gr Olympiacos,1992,4,1,106,1.2,0,0,0,0,0,0,0
Dayot Upamecano,DF,fr France,23,1.de Bayern Munich,1998,5,5,480,5.3,0,0,0,0,0,0,0
Enner Valencia,"FW,MF",ec Ecuador,32,1.tr Fenerbahçe,1989,3,3,255,2.8,3,0,2,1,1,0,0
Federico Valverde,MF,uy Uruguay,23,1.es Real Madrid,1998,3,3,270,3.0,0,0,0,0,0,0,0
Virgil van Dijk,DF,nl Netherlands,30,1.eng Liverpool,1991,5,5,480,5.3,0,0,0,0,0,0,0
Raphaël Varane,DF,fr France,29,1.eng Manchester Utd,1993,6,6,518,5.8,0,0,0,0,0,0,0
Guillermo Varela,DF,uy Uruguay,29,1.br Flamengo,1993,3,2,183,2.0,0,0,0,0,0,0,0
Ruben Vargas,FW,ch Switzerland,23,1.de Augsburg,1998,4,4,285,3.2,0,1,0,0,0,1,0
Matías Vecino,MF,uy Uruguay,30,1.it Lazio,1991,3,2,195,2.2,0,0,0,0,0,0,0
Alexis Vega,FW,mx Mexico,24,1.mx Guadalajara,1997,3,3,193,2.1,0,0,0,0,0,0,0
Miloš Veljković,DF,rs Serbia,26,1.de Werder Bremen,1995,3,3,221,2.5,0,0,0,0,0,0,0
Johan Venegas,"FW,MF",cr Costa Rica,33,1.cr Liga Deportiva Alajuelense,1988,1,1,73,0.8,0,0,0,0,0,0,0
Jordan Veretout,MF,fr France,29,1.fr Marseille,1993,1,1,62,0.7,0,0,0,0,0,0,0
Jan Vertonghen,DF,be Belgium,35,1.be Anderlecht,1987,3,3,270,3.0,0,0,0,0,0,0,0
Matías Viña,DF,uy Uruguay,24,1.it Roma,1997,2,0,17,0.2,0,0,0,0,0,0,0
Vitinha,MF,pt Portugal,22,1.fr Paris S-G,2000,3,1,120,1.3,0,0,0,0,0,1,0
Steven Vitória,DF,ca Canada,35,1.pt Chaves,1987,3,3,270,3.0,0,0,0,0,0,1,0
Dušan Vlahović,FW,rs Serbia,22,1.it Juventus,2000,2,1,79,0.9,1,0,1,0,0,0,0
Nikola Vlašić,"FW,MF",hr Croatia,24,1.it Torino,1997,6,1,209,2.3,0,0,0,0,0,0,0
Mohammed Waad,"MF,DF",qa Qatar,22,1.qa Al Sadd SC,1999,2,0,28,0.3,0,0,0,0,0,0,0
Kyle Walker,DF,eng England,32,1.eng Manchester City,1990,3,3,236,2.6,0,0,0,0,0,0,0
Danny Ward,GK,wls Wales,28,1.eng Leicester City,1993,2,1,94,1.0,0,0,0,0,0,0,0
Kendall Waston,DF,cr Costa Rica,34,1.cr Deportivo Saprissa,1988,3,2,225,2.5,0,0,0,0,0,0,0
Timothy Weah,FW,us United States,22,1.fr Lille,2000,4,4,316,3.5,1,0,1,0,0,0,0
Wout Weghorst,FW,nl Netherlands,29,1.tr Beşiktaş,1992,4,0,64,0.7,2,0,2,0,0,1,0
Wéverton,GK,br Brazil,34,1.br Palmeiras,1987,1,0,11,0.1,0,0,0,0,0,0,0
Silvan Widmer,DF,ch Switzerland,29,1.de Mainz 05,1993,3,3,265,2.9,0,1,0,0,0,1,0
Iñaki Williams,FW,gh Ghana,27,1.es Athletic Club,1994,3,3,270,3.0,0,0,0,0,0,0,0
Neco Williams,DF,wls Wales,21,1.eng Nott'ham Forest,2001,3,3,204,2.3,0,0,0,0,0,0,0
Nico Williams,FW,es Spain,19,1.es Athletic Club,2002,4,1,146,1.6,0,0,0,0,0,0,0
Callum Wilson,FW,eng England,30,1.eng Newcastle Utd,1992,2,0,48,0.5,0,1,0,0,0,0,0
Harry Wilson,"MF,FW",wls Wales,25,1.eng Fulham,1997,3,2,160,1.8,0,0,0,0,0,0,0
Roan Wilson,MF,cr Costa Rica,20,1.cr Municipal Grecia,2002,1,0,1,0.0,0,0,0,0,0,0,0
Axel Witsel,MF,be Belgium,33,1.es Atlético Madrid,1989,3,3,270,3.0,0,0,0,0,0,0,0
Jeong Woo-yeong,MF,kr Korea Republic,22,1.de Freiburg,1999,1,1,45,0.5,0,0,0,0,0,0,0
Jung Woo-young,MF,kr Korea Republic,32,1.qa Al Sadd SC,1989,4,4,303,3.4,0,0,0,0,0,2,0
Christopher Wooh,DF,cm Cameroon,20,1.fr Rennes,2001,1,1,90,1.0,0,0,0,0,0,0,0
David Wotherspoon,MF,ca Canada,32,1.sct St Johnstone,1990,1,0,15,0.2,0,0,0,0,0,0,0
Bailey Wright,DF,au Australia,29,2.eng Sunderland,1992,1,0,17,0.2,0,0,0,0,0,0,0
Haji Wright,FW,us United States,24,1.tr Antalyaspor,1998,4,1,137,1.5,1,0,1,0,0,0,0
Granit Xhaka,MF,ch Switzerland,29,1.eng Arsenal,1992,4,4,360,4.0,0,0,0,0,0,1,0
Miki Yamane,"DF,MF",jp Japan,28,1.jp Kawa Frontale,1993,1,1,61,0.7,0,0,0,0,0,1,0
Jawad El Yamiq,DF,ma Morocco,30,1.es Valladolid,1992,6,3,309,3.4,0,0,0,0,0,0,0
Taha Yassine Khenissi,FW,tn Tunisia,30,1.kw Kuwait SC,1992,2,0,29,0.3,0,0,0,0,0,1,0
DeAndre Yedlin,DF,us United States,28,1.us Inter Miami,1993,2,0,33,0.4,0,0,0,0,0,0,0
Maya Yoshida,DF,jp Japan,33,1.de Schalke 04,1988,4,4,390,4.3,0,1,0,0,0,1,0
Kim Young-gwon,DF,kr Korea Republic,32,1.kr Ulsan Hyundai,1990,4,4,350,3.9,1,0,1,0,0,1,0
Cho Yumin,FW,kr Korea Republic,25,2.kr Daejeon Citizen FC,1996,1,0,1,0.0,0,0,0,0,0,0,0
Denis Zakaria,MF,ch Switzerland,25,1.eng Chelsea,1996,2,0,59,0.7,0,0,0,0,0,0,0
Nicola Zalewski,MF,pl Poland,20,1.it Roma,2002,2,1,65,0.7,0,0,0,0,0,0,0
Andre-Frank Zambo Anguissa,MF,cm Cameroon,26,1.it Napoli,1995,3,3,260,2.9,0,1,0,0,0,0,0
Álvaro Zamora,MF,cr Costa Rica,20,1.cr Deportivo Saprissa,2002,1,0,30,0.3,0,0,0,0,0,0,0
Anass Zaroury,FW,ma Morocco,21,2.eng Burnley,2000,1,0,27,0.3,0,0,0,0,0,0,0
Piotr Zieliński,"MF,FW",pl Poland,28,1.it Napoli,1994,4,4,328,3.6,1,0,1,0,0,0,0
Walker Zimmerman,DF,us United States,29,1.us Nashville,1993,4,3,279,3.1,0,0,0,0,0,0,0
Andrija Živković,DF,rs Serbia,25,1.gr PAOK,1996,3,3,210,2.3,0,2,0,0,0,0,0
Hakim Ziyech,FW,ma Morocco,29,1.eng Chelsea,1993,7,7,635,7.1,1,1,1,0,0,0,0
Filip Đuričić,"MF,FW",rs Serbia,30,1.it Sampdoria,1992,2,0,14,0.2,0,0,0,0,0,0,0
